Tool,Proxy,Version
conkas,0x040007b1804ad78a97f541bebed377dcb60e4138,1
mythril,0x42e61987a5cba002880b3cc5c800952a5804a1c5,2
mythril,0x090bb2d6193854120e2e2cc4372cb8e3eecd913a,1
mythril,0xc8bb4f23dc1700882292c65507e75cefbde4c5d9,1
mythril,0xbf515ff38d55737c56d62e8b6a8eea322ec38aa5,2
mythril,0x3206a055d7d2854aaa7ed8f25f6ab4ff3bf101cb,1
mythril,0x19ac8e582a9e6f059e56ce77015c46e250c711d2,1
mythril,0x590d0fc2096f0bb063d7033fe97f6c1c512ba2b2,3
slither,0x8ebcf08939c0165d5ce0199ad0b3e914ea0ecd37,1
slither,0x530608409991c36ba922b69623bec57e22b8d331,5
slither,0xce417118275171e1f2ce1ca5206b897be17f0134,1
slither,0x42aca9af9c74a60f578527b058a86df27f15ae60,2
slither,0x283fc1f740ae265c9860f0f832363bdd82becdcd,2
slither,0x4c3c78cebc9cc87436deed2782998bc002f2b69f,2
slither,0x68f9a6cc10d200ba7863f876028a5b811c60692a,1
slither,0x1337def131dc32b6417b392b6c7047b99e702f7c,1
slither,0x2e2e0d06ffffba4ae4b5c77d605323ac82bf9b94,1
slither,0x81d5c9a273d3b28f2297d20a9c4e75cd50b32f2b,3
slither,0x420538c33b4b390b9521b0d9a04ce9bdfed87933,3
slither,0x6a288e6d3f40ba0e019b61488f4ece5cae5fd13d,2
slither,0x7cd13e50783b88f18a05fd508d983f46622bf606,2
slither,0x6b734f7af5ac3be7ee4605b0b07e08dfbe8ba19e,3
slither,0xac86b0d995a2ba4058860eaf0c0230895b8daa07,2
slither,0x681452d95caef97a88d25a452dc1bc2b62d7f134,3
slither,0x040007b1804ad78a97f541bebed377dcb60e4138,1
slither,0xfd66fb512dbc2dfa49377cfe1168eafc4ea6aa5d,1
slither,0x4f4495243837681061c4743b74b3eedf548d56a5,2
