0x7b6c0726c8d2da330bf5c65c6889ee268cd19466,0.5.16
0x72b6aca6158ae91c312445bc7cba6d2a79206c3e,0.5.16
0x84078967e5a353fc1c73366887010a8eef8387dc,0.5.16
0x36d3a198e65fae6700274cb9fa57fa5a8903e612,0.5.16
0xef482808f1a71546c703ba0597dd7e9bd3b948bb,0.5.16
0x2db8457c27f797cb444cc3da4a9a0c2829f81014,0.5.4
0x8313fd80b4ba0d603918af3fab9a88daa56796b0,0.5.12
0x8582f510817731be46e6a8380cf4eeffc05aa5f1,0.5.17
0x9f29f9bda2052884d39f0f032b68aaa14fc363d8,0.7.6
0x0b1d955173623f5ad616ac7ba69ca174e912aab0,0.6.12
0x7bfcf20d3c066ebcd9473355f58d14e3aaced0e0,0.6.12
0x946b149152b3330e99945018582bef226aee12ed,0.6.12
0x653498a9e1c98eedaa9733d2d28617ff0e43dc18,0.5.16
0x4102109981d59c1491fc0faa2d40ba93a4d63fcb,0.5.16
0x525a0cd0c00477744e18881d4ba59674556f2743,0.5.16
0xd7affe4e3d62ec43ac07790633dbc55603d9a3e8,0.8.0
0x8d83859d711285adbbe857204cc32c9f4d3b4493,0.8.0
0x21a154281f95a88dfd8bec1c67b6c64b1f1b81c0,0.7.6
0x883e9e332f915a99aa2d32753434da0f984e8487,0.7.6
0xb07050fd0dd0e0bee9a93d8920b282afd766e445,0.7.6
0xa32f273b32d8143f384e63c4398ab76be59b4243,0.7.6
0x132cad6f6047a43a601a6b8344765f5ee7b082a7,0.7.6
0xcf6fd75927c2955055233611ee5d7d5e0882b082,0.5.16
0xebe57ad2a09bef76d752bef74b28db197d9b980c,0.5.16
0x777643704bb9ca43252ff3c3de791d373f129d2a,0.5.16
0x6c61fe68ed47bcb6b6ec1b9dc6fd49e393e713be,0.8.7
0xf43e3aa57191abbda595396ffee1e5b50d92d955,0.8.11
0xc79e3b6aab785492c976c71b4cf235b57b39c376,0.8.0
0x5d988b3e0ee69bbfbc9e9bf2a829872d47e994c8,0.8.0
0x38d94ed57bede53b6ba5d36a17c816f91aec9d67,0.8.4
0xc05abd5b036728eb8d70f991f89b7815e71e517f,0.8.4
0xdfe38c627f1a95f488eb24e403067fe171e0b31e,0.5.17
0x41f77eb9c021425bbe65206343524e8006d1c753,0.5.17
0x14171fff9790cb902a20732655f515b22a46a963,0.8.4
0xa0195287106290b8573b8c105142eeea940aea01,0.8.4
0xbbacb492d895002b2b12c5e47ae643f2bb0d44e3,0.8.7
0x97664b0e01411511e3f875646286124afacd5d44,0.8.7
0x89bf671ce19eabc0c9387960198676875f3ab56a,0.6.12
0x4dbf03a2d7037eb59ae03d3a2927f1d7ec805c69,0.6.12
0xd172b8ddfc8626f36c3c5c2c78138bd1ce0092ec,0.7.3
0xc5db67286fc1da04b254681e6b52327ed54d40af,0.7.3
0xfe9709db514c79f9e6b3c94eeff9594d904fa7ef,0.8.4
0x860b3913e248e6ba352120d550567379cb48fdd6,0.8.4
0x4d48c26721944efb0eb42b696e16da49d2a5fdb4,0.8.4
0xdc903082ff552ba326ea8278d24376674817e05b,0.5.16
0x965060fd4bd2dd8568d206bedf3ddb76628d3456,0.5.16
0xef543229be38c10f4d705e51b1f95d5077bcbe73,0.8.6
0xc95718babe4c0c6f74fabed006866c1cfa2edd74,0.8.6
0xe5862651a033cddcb8f3b4af9c063db2baec39d0,0.8.6
0xe5b0974a457698b171e5541378dbec55e0e2ee62,0.8.6
0xe829667b5b3958ff6ce479d8e2c80412f7299225,0.6.12
0xebb54967c52a39c21cbd3a91a4e6c3e175d88630,0.6.12
0xf706fd21cd2c643eea18fdafd819baa7f4cff2ee,0.6.12
0x70ffe9056a769290292beb934b39169274ca5b3b,0.6.12
0x72ea7f3e0ae950301fb97710b7d42b45ff92362c,0.8.11
0x73a4a47ef30225b99fdf1cb7fb5330a5e2434363,0.8.11
0xb012382728c66a9d7193ff08e8a77fa5acc30fa2,0.4.24
0xf041b8eb512ed1025d2e3453c0eb79f36d27b9fe,0.4.24
0x1ecc7fafa422d0884e344fe5b93bc41b6f424917,0.8.0
0x80448ba65482e8b4ca10b0c48f5f86f8f99e922e,0.8.0
0x70f5550dd9630bbcc96faf9f47f71d99267eec0a,0.8.11
0x73f684ed287163f7748bb200bd14a2be57c80fb6,0.8.11
0x41659e5b20880b3bd10685ee3f74b887a5ac6b82,0.8.11
0x145e28ece033f84219ded22266d7d1c409aa53a0,0.8.11
0x1a0a086a6ecc74dd0ba1ac82e5fc60003155e632,0.8.11
0x738740709df25d19d3a0af5c8784b3d186489148,0.8.11
0x2aceb0ff1a5630489bb177b0fd274379d1abde4e,0.8.4
0xd0a2cf0e34e47360dab3ac09d23541bfa66df3c7,0.8.4
0xe989f941879ffb84c4083c3ebaa109c7eea17ae6,0.8.4
0x7b1a10dcb9f715bda68fe11fbb57183b7bfb61e1,0.8.4
0x47cb06f40422b9d6027313f92858f647a88e81cb,0.8.4
0x1fffce0e448a685d3c3dcc757e811f4fe3c70da3,0.8.4
0xe55320f8bf3ad5b1d3573068deb8cacaa8e19ff5,0.8.4
0x56a3df85b1456a7050ba1f5e1634c63bc3c6e4e2,0.8.4
0xd6d379ff1992bd78e8ea71900fb0c0946b517e02,0.8.4
0x7dc7385e3bdd41d3927d9743e24eaeb67e168018,0.8.4
0x8df74f25672adae9866c4b33f1f906e05a3a5087,0.5.17
0x95ce8cc7625bb8ce7f1774b0545053fb516dbc56,0.5.17
0xa5be4ae152d77682b466a9f00b0cb0dd1432820b,0.5.17
0xbfd7a992a37cd4ead61cded8a32fafb533a691e7,0.8.3
0x3f7a5ca5f201b9e58d91567d63d9c86ac205c23c,0.8.3
0xbc2b359225378d8039dc567971a2809d01e146b4,0.8.9
0x923090e934bbbac45430f28f5648c41125ef0f84,0.8.9
0xef3ffe3f787faac6c7c488067f610c02037530a5,0.8.9
0xf585547fa91bbe226d855e29be17c64a55fb38ae,0.8.9
0x6c27842acecc29adb2a80638ef84e470731d3a9e,0.8.9
0xd6dff95ec9ad8e9e9c409215715b6cbfcbd4c745,0.6.6
0x4fed51889672dcf22ede6cd2421cf2ad74e1b287,0.6.6
0x4b99fee2d7af644ab1ee08fd9d028b8c5eb41807,0.6.6
0xde0318369550d2588be5c13a7212830795f13e2f,0.6.6
0xb878d77d9985fa3a66e9f3c74144f6bb25584b32,0.5.13
0x86c6f5465eca77dc9ce9f61ac1d4eeb1b9f4c0e5,0.5.13
0x61a067419354801e4bbb0bf49ce8502da44a188e,0.5.13
0x8d5d8f53c1b95a9459bbbac4119d030cea517426,0.8.2
0x6c1570470447dcaa385b905d250ca5eb6115baba,0.8.4
0x8cd1c754d637365718fce7cf5da4d8ca94736a60,0.8.11
0xa924a06bc2ac9eb3c18e95fd23306ab1e77cf950,0.8.11
0x5b1795a396311f3824caf22c2ead1332e8cbb9df,0.8.2
0x4c844d7f3558be2458885ec8d160060d187c014a,0.8.2
0xfcfdd12f19f0e8c34bc228a2efcdeab635253a79,0.8.7
0x8eab96f3494b1f505efe63fdd16627ea859b003e,0.8.7
0x4ede40122beb3b21fb14291a3462cc8da8a2a427,0.6.12
0x7cf336521cce0c1bc37b0b9e7f04877fc352e098,0.6.12
0x269081c519c270a5e57f06e22c1c9e050d395d8e,0.5.17
0x561f111419e61583d85c42b48d02cb072ec164de,0.5.17
0x0413a7ccc50b3c4fea967aaa9cc4233e224f94af,0.8.9
0x1fa1b8d94b922e3c9821f66363a75237c36096af,0.8.9
0xfd5ec4a9fd0975e00b1554790d6f15d42352bda5,0.8.9
0x284166fe39b365e6aac904ec637b56be161f6e4d,0.8.9
0x6e8ddddf0e9a6149c8e8752379d59a994bee6f51,0.8.4
0x28fcbca67d84af0d6c384c9b24ea27d10b359d99,0.8.4
0x31421e91c476fc9aadb112ad009a4748d9e69ade,0.8.4
0xda7ff8bd0e7ef0967b8a849e3121c7ee709b8f25,0.8.4
0x19e47770bb574d486ee83c55ce5f947b150da010,0.8.7
0x31095b0f43c7dfea96746073b56668773652d00e,0.8.7
0x5e6746cb80b7ab35f066e3ea473040ed6279db31,0.8.7
0x52445a0c601b094c31987643c2b9eb1320d9057b,0.8.7
0x65d69a9a63bf3781de296aec55f0f3acc1b4d945,0.8.12
0x232e70e0c60a83eb3e51d64965dd0601c99d7f3e,0.8.12
0x169db6f2e6856e92aa80bac0a34dc02fd826b029,0.8.12
0xeb20234bb1778102d9b20b1bcb63e141ac349c8c,0.8.12
0xc5ad746d900a62561b88e022cef786507d2a0573,0.8.12
0xac1df6398869241717e35ca102d10903e760e843,0.8.12
0xed059f184f8524818ac2091ccc8d2bf08a9505f2,0.8.12
0xd53ce38f76a6717b395195f078b49d7704acdb0f,0.8.12
0xb84f707b3d713ff40b61e960fd8c1a7b23e834b7,0.8.7
0xb0614eb51025a98fb13ef498a041b9ff3251b351,0.8.7
0xd657686a1ce41720c4b29e13ea1d6cee1b4025b5,0.8.7
0x93c5749905c46509c852cbd8eb6433f066bdefe2,0.8.0
0x5178d82f9f3e2b387267a5550bb317ad9cbe00f8,0.8.0
0x761d921252f9e407d8f7abd3e910877bc9725f0a,0.5.16
0x7a37fdd63d16c2d869825bf8b9f2e483bd81ea7e,0.5.16
0xa43ec934b33d79b0e2d7b8916db7794f074c1c2a,0.6.12
0xd6918979729f2b76aed4e800c4e16853250285c7,0.6.12
0x2446b411a95630f719ef8c78f195ecdaf3fd5e94,0.8.0
0x39946ff7f4a0fe32f5b7cdcfc66c53c3d0360866,0.8.0
0xb6a54c66e25ca43c16ec589e8f8f34686436fced,0.8.0
0x6759d286c4ec4febe35233385fd3eb950de5a030,0.8.0
0xb6ca119f30b3e7f6589f8a053c2a10b753846e78,0.8.4
0xe637f8baa78a209919ddfe30aecd035eb4d815bb,0.8.4
0xacedb4eb28eedc7fc05583abe829b7e19a17e50d,0.6.10
0x4b4e1f67c7298d242555eb35d8e5016f0c4f6df4,0.6.10
0x73403cf462a396df9f4ebde165c3c464a9140b75,0.6.12
0xee4eebbc4696885d6d26e6e07e46cc4c07d865aa,0.6.12
0x71d50868642270ace00e7929a1de798b0cfb32f4,0.6.12
0xbd3e8d41874bc123fb6913a2a6c6c8984c71876c,0.8.9
0xbc421722add7ad3cf23e7bbefe709330bbfd6188,0.8.9
0x46e1f8e746ee9037fa42b3a718dce6c36cb3f16f,0.8.9
0xc51dee5dddadbaf8554af319e1c2c48b6dc46671,0.8.9
0x4ebe2c0a1fb99d2de933d76050ac034ff2da1877,0.8.9
0x726916f2525ff98d96ea18e95ad238402247a5c5,0.8.11
0xec2df7def9bd7e4e8dd4a35117116527a2bb7f73,0.8.11
0xc5e86098f7943b16e03ed262fffc1823181236ef,0.8.4
0x587277e9bfbf067ba229164d019061e87c0f81fb,0.8.4
0xb2b57fabfc7022ab5b6668f479be818af60dc3d6,0.8.4
0xe0f87322c2542e6c39fa126a70fd7f09edd72545,0.5.17
0x12a015e9b3418d2e33d963ee1f1a955fd717103b,0.5.17
0x07db92206264432170fccdfd165a5549d097d3a2,0.5.17
0xbed784644373ffe43893772b4e3ebacbeaa6a3f1,0.5.17
0x1aaf19e9f19ecf82d250ed01e13a7d5256835abd,0.5.17
0x1cbcf4201ab19a6233d909b29502bea26973ceb4,0.5.17
0x32d918aaac63ed8e55e6e321e6d79f7c10716935,0.5.17
0x36b865597ec05cc2f6f617566be614dd60220de6,0.5.17
0x6358ce4a4df9beff64a8d7bc975649c75a8ea3d0,0.5.17
0x8e1fe752e51b05b9fe6ee95d8907695e0f3e2ecd,0.5.16
0xc8c2e1547298e09e5f18e4cdea4a271fdadab971,0.5.16
0x6981263d090734f2bd2708d1be30db5594bde400,0.5.16
0x15d77a0e8fb5387a2d707cc297ad2879f7b13cc1,0.5.17
0xa1070f58463b0da0bdcf2520c64fe40ebf474e2b,0.5.17
0x8f4bc1cd0692d29a080cc523d555a2e380696283,0.5.17
0x5b72c2c9c1d65930adfe6bf935943fe81ea37761,0.5.17
0xd6fb26856a881b3ce9c44df24bcb2ea6440e44dc,0.6.12
0xca742b67f3462d1e3d2a44925c36554b94448120,0.6.12
0x01d80f525eda270abdd352cda66bd743ab913469,0.6.6
0xbcd015774cd86d94616454bb826ab866a9f441da,0.6.6
0xc53d0a52358ff0f0e4dfe93a1f0c84d2b17e68df,0.6.6
0x94eef006d2691be320632ea05c0789aae1b8b82b,0.6.6
0x325fab7ea577b7a05b6ce513d3c52c278e273b9c,0.6.8
0x7824948612d5f6d3dbc54d1c1173715b997403a1,0.6.8
0x01dbae7936d466d11775f3888d659db069d28de4,0.6.8
0x4c5057d1cc3642e9c3ac644133d88a20127fbd67,0.6.8
0x28b93bbe2d3a3ee15fccfc7e368fbfcff7936350,0.4.26
0x8f6ba16ff989ab213e7985e3596c1f98a44cc1f6,0.4.26
0xfa4f77c412201faf5848f9fa59201039b6716fde,0.6.12
0xd9b5b4b254daef611daa6665786e9a129672c642,0.6.12
0x8a4e23724c21f2ea91a45d6d931c2b9aed49516f,0.6.12
0x7d2375a873cf858f02f97f40cbbbc03293f9a055,0.5.15
0x4edd62189732e9ff476aba880b48c29432a7ac9b,0.6.11
0x00b4b03073eb129d68ce62ce3cff74876666b83a,0.5.17
0xf7b6da4cb75ddf8987f07b0b7289b5197378f934,0.5.17
0xee621104e98a258c5af360422b369acca06516e0,0.5.17
0xdd4f44927255385470fe04b14ae790b632e13f56,0.8.9
0x88fc1e80995c6f2065c8e5849323be4ef8affa15,0.8.9
0xdd15bcd61981fabf1fe32f4fa10277242a5758fb,0.8.9
0xd7dabcd2f793af259729d399c68890684ff1723a,0.8.9
0x454d870a72e29d5e5697f635128d18077bd04c60,0.6.12
0xa9689ed4a82a288e267b11ae8fe137fb4cb2177e,0.6.12
0x4ed9d894c77f50eaabe3e63f15717152a4738f35,0.8.10
0x4e3b3ea26d698544560110fc939f14068bcc4beb,0.8.10
0x7264e785a2bc716afd439e49f570791a4f7ed66e,0.8.0
0x56c6f48e10c0234de00a9b284052889f0998829d,0.8.0
0x8eb4258fb1d0b99091523e4580bb6e62955c4277,0.5.17
0xa2cfbd1dbd57879d4793186b8c0c3c5a45f09b55,0.5.17
0xbe2dd3aba627f18cbaf80aa0decc154d460ca0f5,0.5.17
0xf4daabb23c22607b146be9a734112591a9a9a05d,0.8.9
0xae214ff1bdde1404ddcf80178b9040831aa18115,0.8.9
0x21990ad00f49bdc70c9ef6628a598158bbf30755,0.8.10
0x7df0b5fb54b9b95dfac584f1056cb0c538251ebe,0.8.10
0xec9416466030c18b6e778a9e21d9b562c66df681,0.8.10
0x0a824949a864b6219ee6a51dd6a0ac42d6e2207f,0.8.10
0x7ccc2813b1b9f54d8e20a6e9bfad7c1edee20990,0.8.11
0xe86eee439523e0d3b319c4c20f5318c0d20f18c7,0.8.9
0xbcbf893891a3e041c27a014f220c39cc11d0a4ff,0.5.16
0x32f80ed513e9bf7a96d9df5a0a558860c4b84f45,0.5.16
0x054ae03c9cbe14b3c8c6ffc44a5bac9117e30bc7,0.6.12
0x61c39f195ac193952f8068128aade8381d20915e,0.6.12
0xaa15f3babc9f94aabe732b6e6c2c2ec5367cfd71,0.6.12
0x11b46b435423599bf06f2e45e2e3343756e1317e,0.6.12
0x3dc9b2febb6ef9d70d9fb3fe0773305fb3eb6bf6,0.6.12
0xee4ec25d10f8c5be3da724029f6b68ba186429b9,0.8.2
0xc7adadb4d9299d574855de7c78e2ad858272fd32,0.8.2
0x52c23493d1bef71860b415d811c7be5d4b752913,0.8.2
0xf39d3142b8ac2851ca15365b0939982b304318d2,0.5.17
0xcc336bd59cdcb4ed6f6d145e86b3474cd2c6640f,0.5.17
0x16ea3af6dac045e809ac6833d8e6d07f05c3e99e,0.5.17
0x8c76bb3c058115d96f3b4a139eb973486794db11,0.5.17
0x61cdc7f49743faee09822ff9a2a1853189e1783e,0.5.17
0xf9124e7aa91df1cddcf61a5f43bc6e1f9afb050b,0.5.17
0xf5829395608f18407b18c5618c5f80c8954b4aa9,0.5.17
0x0997216ac6b6807bfbdced0dd3b3b96462f5a86e,0.5.17
0x44ebfaf325961eea4e1ef7969a327893c796513a,0.8.10
0xf8a9b89e29ceb504f33c83a24b9d0cb312677788,0.8.10
0x1c8d439aa16adeeaf19641584fbbaa557af5ed25,0.8.7
0xd003170637a769c6d54df115bf9c885099a84b14,0.8.7
0x2539cced6746cdbff8bd8d87875e83f743c3cb5a,0.8.9
0x22bd202186c2aa7e6498d3ae43ffbd4dc674c796,0.8.9
0xc4ab7e0b48fe1b0b10ab12a214694ad20c390902,0.8.4
0xc1960eaaaa21375ac778da6ae86aa446bb8cbffc,0.8.4
0x747d492841a6a35e9c393707837cfd3b3260a245,0.8.2
0xab1e56782be94936f13672af7fe45edea21bc3a0,0.8.4
0x052ea05413358789b5b85649a977e40e463075e7,0.8.4
0xd647f35c57f482166f1bcf4b1f7b721ed048920e,0.8.12
0xedb9b9bc535684287899182683fe3152919734a9,0.8.12
0x62cb4195bbfe6467ac262b573479040c20c83733,0.4.25
0x0ba64224c056532a880bdcc8ab035715bcf70a0b,0.4.25
0x78ba085bbef6edf375dab15b39abce0736e666d0,0.6.12
0x580f09b2659e08361f518c5f4b9806896ddcbf4e,0.6.12
0x8126f3c04a116414c1a2d480174b10c88793f8b4,0.8.10
0x0f739382e5528cd613d595ade8eb5e9609b0574b,0.8.10
0x9f65d69fb1d508a122b7e58c9ac8ae20a0505c42,0.8.10
0xf4c19ad823546d57f32385afff3dca78e1c9c6a7,0.8.10
0x32833803fb72a76a239b8aeaa0f243986b2f6195,0.8.4
0xeafd4c05c50d65d8d4b422fffc3160ea74de003f,0.8.4
0x3c12f7d8cbfe49ec341c80cb0e5517638e8f0550,0.8.0
0x1b48d2ea2f9b868ea2f276b431f49879ae58082d,0.8.0
0x002a71749059bc9332dcba05b34408ef05476d95,0.8.9
0x2c9ad991a9cb036fa568f60ee699acd2fabbc781,0.8.9
0x5827c972f330714168c6cc853b0baf0649cebd17,0.8.7
0xf9d042cf5ef4d8fa630136bc46de0608fcf4c649,0.8.7
0xabd3255402cdc3e6d8e74bcdca5497c9858dce02,0.8.7
0xf322d79762a3603042da5d2d48e3a57bf4634d36,0.8.7
0x0e0d4f3be984b00e3d1ccfd1a8645ec6e1309512,0.8.7
0x657cb4ffba17c7b106acc8476be79230efc17687,0.8.7
0xf1afa2f0abae3da08e5d181ea2e5d7481ce3b481,0.6.8
0x6e0f736a2a0b81e7d8b7d6ac3608ac977341ba4f,0.7.2
0x034579d52ef374939b1a4d8edbb1d70915ad199f,0.8.7
0x20271b001ead859b674b8cccf165e8b6b9d07afd,0.8.7
0x9bfe25566775c86183c25ae53f1c09dd2c3f16f6,0.8.7
0xb30cbaf010e1ec58e4dec4dc673ee7b8b09af556,0.8.7
0xbcb206bf43865590a2d4729cc2a9d23a844187f2,0.8.11
0x3e19ccc39ad471149aa03df033bd9f5a01adcdd0,0.8.11
0x4a38a69bee8456b0fc8d403ec472fd05a5160385,0.8.11
0x78b23686e18f13dd4fdeaebe634adb88baf03278,0.8.11
0x35fb958109b70799a8f9bc2a8b1ee4cc62034193,0.8.11
0x21b36e50191895cf62d0cc794958488d1fcdfcca,0.8.12
0xf2c33b7c6d6ca3896c9bf22cbba05922dfb416fc,0.8.11
0x879b3ec536272e442d12e5f50932f191292d8255,0.8.7
0xff7545dec1a42b225b8f3a25bdfeb7b813d9520e,0.8.11
0x851bf5940ff334e9e5e6e240ca3f78057e287377,0.8.11
0x4d34215d514d8682fc5af3652000d1ea2a325315,0.8.4
0x1f10895ea66eb478d0ea512c32183f820e2f4503,0.8.4
0xd2bc67ad0d1fee4f4222496d2a554e0f0b8056ae,0.8.4
0xd26bbef34c7ff772f36d2cbf80d79a73be6ffc41,0.8.0
0x989ff414df9ca4357d372e317bf5f977993112e6,0.8.0
0x28b2fa1b9bb92821ed6920a14f86a228eff516f3,0.8.0
0xe53a78e8744568904741d5d0139fad45b1df104b,0.8.0
0xce11f061a456e0b52d5d79def119198d85e8ead8,0.8.0
0xc87de851d6a7f7f8ea0cafcd0fe4e30a7739ca17,0.8.13
0xeaba0cace99ff954c2a5e53c092bdd5f6ff16e77,0.8.13
0xf663f4b30dd18546cb71a607b7a89a36e92a244c,0.6.11
0xf31d02071c70b9a54748358b03999719676f2651,0.6.11
0x59170d9d1d3db8ac3539c6705fb38c735af9f4c9,0.6.11
0x972aa39ac9d9284c1b2ee123c522bcc3978e867b,0.8.6
0xdfb091651622f0cce236824209edb7e84f3564ea,0.8.4
0xb5d26971b7ee2366bd0f28e4662922df7e4d4658,0.8.7
0xf2d9cc7829ffa3e0961b0d9760de0e4baace88ff,0.8.7
0x7433d3a2c5d4537f449ef42c741b97c342e7e655,0.8.10
0x1837bb50fc66a002a69322f614ae0e63aa8ec966,0.8.10
0xa8b3445ccddaa154198345384332860deba78dee,0.6.12
0x14cc4a6666a384190f92e1acb1390fc3896cd493,0.6.12
0x454cc34b5fa7c3d24b795cc576fb8261b10b4d21,0.5.13
0x8052cccc713cc9883afb1a9d863fe165e08dff01,0.5.13
0xd3123bdec9d5e0bf8ed15caf023b8000022259a7,0.8.11
0x96d7795d91ffbb8e258ad19e67498d5dc01c3571,0.8.11
0xe1402c37afad5299541c25f16742321a04c4d1c4,0.8.6
0x4dcca3ba0802804965bf48cdb68a2f7b19db0816,0.8.6
0xc26b78663f2c6900c3aa9ef3d3ee5bfb0d087934,0.8.6
0x49fd0e347e04cc27f255c97e849edd2749e8eff6,0.8.6
0xd6956c84ea4e8f3c634c27ec11ebcaf7dff7f335,0.8.6
0xff301b8710cb5e0158dd353106cd705218e60b6f,0.8.9
0xc1241bdebeb7dfab32c5e70ae66d3d434d20e5d9,0.8.9
0x3b07f4782f37199169acd0b8678ffc38a841a015,0.8.10
0x49d7b62a2f5b8ecbabfa9404f569d02752d5cc69,0.8.10
0xf2488193a387ead5182043baa6c77d6ba1e13277,0.8.10
0x291c80d4aa0b6ed9e6b59c82121b359999efd4b7,0.5.17
0x56a50f1c4b4362aeff1d9c3c1e24562a0d833488,0.5.17
0x132ab3156a97b321b547c7747c996b6b680762e8,0.6.12
0x54be8f918a89571158d90468d8097bcaa1ce7ca1,0.6.12
0x71536fab050cc7ad46cd18dbf3f9fa89f29bf866,0.6.12
0x9f28fe9a8230b29db65c68a92b09fd346549a068,0.6.12
0x3701edc4443ff78d57066d1806f318fd874f26ec,0.6.12
0x3f7f91938e8e14ebefe2bf2354cdff62ff8403df,0.5.17
0x84e36eea39938552dbb14e3f41dd98933380744e,0.5.17
0x0979ae7cc4abb1fb2aa2bbf150533361984e49b2,0.5.17
0xb3f5e38767a18a3b6116490eb035f7f98bfdd2cc,0.5.17
0xab6de19afeb33a21e16ec9374fd8a117d86caf4e,0.8.4
0xdb884b0aef3be9b3fb7017dd414b49f72cfcda5a,0.8.4
0x062a2536f7de6d5bda5ec1b67a3d39f7d995330c,0.8.4
0xa60a293f12830968f1cc9d40bc9589f51951abaf,0.8.4
0xb1d809dbe0bd0208e57c20e55f5a0a7f617aecce,0.8.4
0x9bebd0e7b7ad080146d92203d59b69eb5087f9de,0.8.7
0x10fbb76a82bb93c5ea66e680c4c518801dd9438c,0.8.7
0x02b9e7da7312dceec02be3c09058b2584889b1b3,0.8.7
0x4b8f1ae4a16bcc430c50962471bbb4d0dbf78b7c,0.8.11
0xe576cc34d74b069076884d69f5f8b884b472f288,0.8.11
0x03fa83d1cff019eee2ea1e12e2b8c4f2abcdd709,0.8.7
0x19dc7110411cc191387cb3ef44ee8b21b9f31982,0.8.9
0x83cfa28297d528638a90dd0668e36b4f15c29817,0.8.9
0xcf0f043049e3d53f6350060fc5d69afb80aa9112,0.8.7
0x425d27fae9b47e18278b746675002bca8d94e2f0,0.8.7
0x4e6d068f43ae28ce4a7bc97d9dc5fdfb8a55f008,0.8.6
0x3beb54fe1b0b0569d71f4ff56f3b9c9e4cf2f3f0,0.8.11
0x553c518808aead61b863a978134877dbd59f8d96,0.8.13
0x881879ec58108214aef9d2ede4904bfab712d953,0.8.4
0x15bb8bef9771ea7f8c18ae5baf84b0f5aa57ccdc,0.8.4
0x9fa850e93981ca4c551ba67395d4ba56b4c98a8f,0.8.4
0xcd18c3b3809a1782a47dbc263a6e196119a52b2d,0.8.9
0x7d1d6000f9528375092771450743fe72de3bc1b5,0.8.9
0x4f63a60941f86d32bfa72936de3e56e641518722,0.8.9
0x06d218f8a62325325981b235000cb4618e403b6a,0.8.9
0x6ba7b13ceb1b66036d974a4889693dc13d62d491,0.8.0
0xa259d9ee6cb51376030cf294a0467ce196c68120,0.8.0
0xf2ab23fc41e29c471740c64898717ba7b8cbec05,0.8.10
0x2512869d0aac4c4cdcdd8b8e154c1c3576a07ae2,0.8.10
0x4b517c6bf3c461119a237bf8128bf402b0d2edfa,0.8.3
0x15bf96b00b0ccba940c56c54289167544180f7f9,0.8.3
0x164ac16e514f4e47d201aff991740e166d409b8a,0.8.4
0x2cbc621b48482a830946767297fda8677113700d,0.8.2
0x22889ab0f50b34cac8cb9ff163f9aa37cb56a3e7,0.8.2
0x00253fcb6563b1136c841a77116cdd1352788f39,0.8.2
0xbcecfc985064c5b6e885ebb1097e57e069863e9f,0.8.4
0xc43e75b055b1fbb49464de62de5427a0c70eab29,0.8.4
0x9997fde74acb0c191cdc7fcdc72255d3a3f7f179,0.6.12
0xc8937e9eb757b2fa686f797e83ca410219061119,0.6.12
0x4f69ad74a5d443b4adc908474c61f5f77ab79d52,0.6.12
0x409cd171cd3984ee366934e9df7b747612cb1032,0.5.17
0x2208be354049b7c29cf7a7413189692faf9694e6,0.5.17
0x26bcce51aec5d504fa4b823f606f7486cbba3f0b,0.5.17
0xd1d13ebe65c355041ea23cd9eb1ddc73cf78ba61,0.5.17
0xb60d7586f893629d5cca92d8c6d30af237f9e30b,0.8.7
0x35043dae29355af325a2b4df2dab4207a85ac60e,0.8.7
0x171312e1a3a84d6944d8ef4bbc172572c442e8c6,0.8.13
0xb718561d3b7ac5a950cf7ece2a519c274f15348b,0.8.13
0x38c8ef452ed4d6e94700f97dd704cf9b73550fcc,0.8.13
0xf8449e55e4c715923ca597e132e9d2a46821d099,0.6.6
0xf39b0f846f967895db4c31b6b62d2be3f5af8454,0.6.6
0x1813c4485a36642347c244a00617377bafdbe401,0.6.6
0x44b43d57c0700b0d36a225b0d79ad9079801d753,0.6.8
0x3625c9de8650fe2300050a02e535f045f2cc3138,0.6.8
0xd0d89d8d009ae5602816a75b7b6ba8ed88a17b25,0.6.8
0xeb4d1fa1ea305f33e266ad3b484d57c3f7cd31d8,0.8.6
0x7dc82dd033d50d5dce6c0ccefab02eaee76aa557,0.8.6
0x2bb0af04d6e24012b5adfc64b753bf3df8c8eb69,0.8.6
0xbf4f7a30035c5295a1f0230311c78504b0f04799,0.6.6
0x797712d8c1b3f8af9220f4557f84b0772c412f5b,0.6.6
0x4386f8571b9b223fd64a26eace0481bb084dfd10,0.6.6
0x6ea667156fc52d01967414759ab927607e0b72ae,0.5.17
0x7bca451b756e773f2bd89961e0aa6cac6e60336f,0.5.17
0x6a0aeac013f59b2440306d98be1a8fbe82444a51,0.5.17
0x71ce74c83e88dc19bf9bef4db23a713444dbb6d0,0.5.17
0x29d42950488b054403aa482668ff26a32cf32924,0.5.17
0x6ddb36e911c5ab21ee3575a9460d0131b5d156e8,0.5.17
0xccf170baa6be72b8c2e681a7e059bb25cec9f1e8,0.5.17
0xe2b8220b3cc9b64d24801fc57355d54ec82d82f2,0.5.17
0x3c2e6b09bb8d96ff02757e205ec205d0122f1c9e,0.5.17
0x55d5788cc4482e620d7f5ec604eead14518b4dc4,0.5.17
0xa297ec52ac188f98a5b293bca3ff405643319212,0.6.12
0x7de1f04204ef29229d84e7c0c2d1216c28645a15,0.6.12
0xec1fa58a65ddd50a7d1ae1f4ca9a55b3f0fe24cc,0.6.12
0xe522b300071b43d31965a2fc7a70d78783b6ce94,0.6.12
0xbc619735fdf48bba5e2bb403e42a5d457db684d5,0.6.12
0x09d3bcde3f7d0b1b2773f31100acdff261ee334e,0.8.13
0x466c7561504092bf18cac995f6a12ec344bfc482,0.8.13
0xeed7a195833a7ec8ee0ac577e3e6f815db5fbe84,0.8.13
0x7d89e8530051f87e639ee899d0b300e755d5c4ba,0.8.13
0xeaa1f9538b99e01ac5aa3fbb76da5a5a97e4a47b,0.8.13
0x148c34d109778e8a8fbc1d030eb7724386cca7e1,0.8.13
0x89f15525107e4e8c98c382b86a310a6fcd039b83,0.8.13
0x62e269cfd1951498d93db8be9003c3f454a126f9,0.8.13
0x4c10491e9d1c309dcffb06ad2a074137ceb7487b,0.8.13
0xb5934069e26ad44ca014aac83ade0b46b97c80d0,0.5.0
0x5bfe46a07ce43644e590ad50d1cd0edd23951538,0.5.0
0x822768cdc89a784a8d9304c08ba4604451284cf3,0.6.12
0xb7dbfc820dffa04c94138678c7f4a25f8452a38b,0.6.12
0x4e74b677202ed462c6a9b2e599f4699ad67a98bb,0.6.12
0x48bbcc11d204704d141523ca1bdffbbe6229ba79,0.7.6
0x67d88799d37d7c95253eee198c3200b93ff95451,0.7.6
0x1bc5ee65197c54106f9eb02e476191c6991dcffa,0.8.4
0x20abe9d23a45ee360b42708ea7f4a4fed0cfabcc,0.8.4
0x0ad53ebb63d0998378761432751167323eb1aaf1,0.8.4
0xd064b611ada966d7faaadafd40e141c73ad2b045,0.8.4
0x06d16d05daec5c792622cef8c631e9352bb32a78,0.8.11
0x9b66c53f01ec18673f1b2be3c0a91a298fa31b4f,0.8.11
0x86563f0fc58aed63b69c6c74428cd72e7304cb69,0.8.11
0x60f3b57d63fb7cd3e0408b7941ddbe157b52044e,0.8.11
0x7f3146651aa37a5b55b5353695b8e8bf106de079,0.8.4
0x3dae24c44d6d8a75ea97fc2d1e964a3811870759,0.8.4
0x1c48b2cfde8f0aa521cb37f3c9436c5e0cd45f60,0.8.13
0xf29cc0319679b54bd25a8666fc0830b023c6a272,0.8.13
0xf2acb31b35b33f5d4599b18e11637f0d6c10f1b6,0.8.10
0x63cc42b2ca3d6fc2166030a928c1e7f2b6ac483f,0.8.10
0x20636d3afd13bd5dc56df883373a2b4fcd0ff1ef,0.8.2
0xfb4216a514d702d68b0ea83dba5fd2f0f2466a41,0.8.2
0x1021b725c8c10dc6240c9f1f151095d798906d3c,0.6.10
0x775ceca71307700a8b43063dcc15691db20773e8,0.6.10
0x0a7f9ee48fb13f0dfae067e9301116f7c35bd7d2,0.6.10
0x85409605ff5d53b27b56d1e2584c81b0dca7f64d,0.7.6
0x0e8e06299458dd0b736e69055a0ed8edf0e3c23d,0.7.6
0x04a2c0258c9c13e4b3a56affe6804cc6c5c1587a,0.7.6
0x01981d869d8559b0d3b807f15ab51260a1f9f4f2,0.7.6
0x02e19a066d2b03454119de5ab3bf021e5be25391,0.8.0
0x1b39b961b697b7582af98385a910dcfd7db261ab,0.8.0
0x63525ceb0c44f66cfe2fddedc990eab7132faf80,0.7.6
0x54d7696f4c7cc528e710cedc890564ced33b3de5,0.7.6
0x617448cc561dc9b4cd152781eeb64f4b447dccbd,0.5.17
0x223116e025c293a9d659405b9b519bdc0742763f,0.5.17
0x9086b180cb76bda8876296f5becf2baa76831161,0.5.17
0x227bfdba783ba490bfa012d68d22165fde35ab90,0.5.17
0x16c915fbbca05c202c0654579ce780e082ca118b,0.5.17
0x7c41a5365ab4ad87caefdcfd2841b517cd0cbf63,0.5.17
0x5b17f73f1904467a1344fa6b2ce753971e807f82,0.8.11
0xdc7784b8366753c3ccb1e860a15f84fad290ec7f,0.8.11
0xf3aab6a3d1bd3b42a360803de5a0919b62ad6919,0.8.2
0xc2ecf0725bc40504ef240c62046cca52b5080016,0.8.2
0xccf753f74544b32014da7a23502987a91a965079,0.8.2
0x119be063909dcd9b780cfc447bd659e02a9f30ec,0.8.2
0x2fefbef4d1445f523941c56349c2414cd5e9675d,0.7.0
0x8c63d8e608ff702a92d5908730c91457b0447ad7,0.7.0
0xcfba78aecfbcc0b4b748fa58c530d4675bb5d32f,0.7.6
0x4fb117dcd6d09abf1a99b502d488a99f5a17e7ec,0.7.6
0x3c294fcf74129d649325f8995afc2f9cfafab9da,0.7.6
0x26d8ba776a067c5928841985bce342f75bae7e82,0.7.6
0x4794387af607b5eb8d65d0ad044d60033c2f1196,0.8.0
0xdb6c303f57b9a5cbe085f6f6a27a43753be1c9b7,0.8.0
0x7f7c8904ef50bb2e1ffb85ef2040c492596af076,0.8.0
0x2b9ec7cdf011a73cb018583e4a626150383db7e8,0.8.7
0x042db35b8fda90dfddf6803321883ef0a6f3ae69,0.8.7
0x7596a7e07f423a722c6a252246ef56dc81a4737f,0.6.6
0xd3e10fa28a25117ff22053cf15085b0a9c64fd1e,0.6.6
0xfe692cca43a176fed73d84e7f2019c3779dd2320,0.8.3
0x44849c1c0e95be9c333f64e22efe208861c4d222,0.8.3
0x9c37b5ec20dcc05cb770da3b884da8142f533244,0.8.3
0xc720b746f5363374754905bfb42b85c5565a414a,0.8.3
0x823b56c714449e25bf68ec66fd30925cf7588e52,0.5.17
0x6108f963512eb5632499aa78f39a24fe66b29de0,0.5.17
0xa2e9434c0437ef896705d295fad867f234b7fe55,0.5.17
0x5e2b3a8b13acd0d5068c40618a4d56de32518f36,0.5.17
0x068d8c19cf10bc4a69f6c4a9ae9a48f6e251f3ed,0.5.17
0x8099df55b14898d00daee938d6131678bda1d34e,0.5.17
0xb597b44bd057d3648baf9f9d059d9d9f218b9c96,0.5.17
0x907cfab561d4963016a77e8b72b74b400e36c4e4,0.5.17
0x529291de26bdd2e5a0b54fd4c764d1a394fb141b,0.5.17
0xe341194fa8bda19b1e2d580f4463e8784534d70e,0.5.17
0x18c210013ea6cbe99b2dacdc9cfcb6e07458f0ca,0.5.17
0xfee7d2e1277060f3f3774776232da1cca4f4bcb9,0.8.7
0x7bf55274bfc796014fa144cb46c4c534c983728f,0.8.7
0x9d2c38b6b8f1cd83977e6044e2c987c0ccbac529,0.8.9
0x2db4b49254683efa5c38bc4cfed3ebf53e5a36d6,0.8.9
0x0c80423c253ccffec28c7e7d96c81ebea3c2c569,0.8.9
0x7028d3b1b34388e23e63e32d5f9f87ccb92aca1b,0.8.9
0x2d3de9c442879ad74eaf390fd182e8c1a657a6c8,0.8.9
0xabda3c4c47d58d4d9937760294a3830be7d85db5,0.6.12
0xa68af37c76299c96fa91e8e8f082033f79f38265,0.6.12
0x04c20657a53e33d23e716d13fd73415134d441f7,0.8.9
0x0728611cf7c10fe34570315a14c2ff5864f5b855,0.8.9
0xb8adf0585d263f3ba6f73bce1ccc56b821581ab8,0.8.13
0x392eb130d797a3476650a4b0d2cb1138055ca390,0.8.13
0xd9a3642acae343468971817d821e4112671be236,0.8.11
0xf273b9eeb2e6d1da35004b18291d05f342a518e6,0.8.11
0xba5e9729c72c59044cf2cd6466da3b864e2ed83d,0.8.2
0x953b335124fc4dc81916d3423c0130daefad6108,0.8.2
0xa7dcd8569a18299f19dd8a3bb21725a4c61e9f70,0.8.2
0x864251739e944743102babdb1bf6ce385264e4fa,0.8.2
0x305394b22a082593eab7dad01a8e2bfe30c280ea,0.6.5
0xef250e3e67b836339d4a1c89192f55165c98f28d,0.6.5
0x3ea9c0127cfc6f3aaf870fea911cba0fe5995e98,0.6.5
0x904f2757d2cb7e525631c4b022cac7947cc3a185,0.8.4
0x52fa1db1f0a594a8355f08176e78911c3387a79f,0.8.4
0x9a83238dc1b47e58705dbc7ab42ddfaac3a4e2ec,0.7.6
0x53fbd93f0e0ab9b23f7545120ac0a0f1a944c725,0.7.6
0x1d74408fc603b9b130535d7cf2009b6809e042ff,0.8.6
0x5ccafe74b0271ac80573044d1450e2b836f839fd,0.8.6
